Ego,Country,Ego_x,Population,GDP_per_capita,GDP_per_capita_growth,GDP,FDI_net_inflows ,X_goods_and_services,M_goods_and_services,Net trade in goods and services,Net_barter_terms_of_trade_index,Merchandise trade (% of GDP) [TG.VAL.TOTL.GD.ZS],Trade_percentage_GDP,Service_trade _percentage_GDP,Inflation_rate,Political_stability,log_pop,Ego_y,Alpha-2code,Alpha-3code,Numericcode,Latitude(average),Longitude(average),RTA,area,landlocked,continent,langoff_1,log_gdp,Country Name,Country_Code,Political_Stability
AFG,Afghanistan,AFG,40099462,363.6740871,-22.92919443,14583135237,0.141265755,41.84848367,46.0072919,5323278110,106.029777,45.15489909,87.85577557,24.7254394,6.822771332,-2.518530369,17.50687348,Afghanistan,AF,AFG,4,33,65,2,652225,1,Asia,Persian,23.40313158,Afghanistan,AFG,-2.518530369
ALB,Albania,ALB,2811666,6377.203096,9.922713708,17930565119,6.796140804,31.30916076,44.70882135,-2392168078,103.7218886,62.89260782,76.01798211,34.09398217,2.041471631,0.196294025,14.84928775,Albania,AL,ALB,8,41,20,5,28748,0,Europe,Albanian,23.60977264,Albania,ALB,0.196294025
DZA,Algeria,DZA,44177969,3700.311195,1.700063767,1.63E+11,0.531681219,26.73438736,26.46086484,-2451655745,115.7738397,46.50453382,53.19525219,6.19639803,7.226063074,-0.992437243,17.60373678,Algeria,DZ,DZA,12,28,3,2,2381741,0,Africa,Arabic,25.81990756,Algeria,DZA,-0.992437243
AGO,Angola,AGO,34503774,1903.717405,-1.954598006,65685435100,-6.630262167,45.43432047,16.62120008,14829788601,111.8118496,69.80390695,62.05552055,10.87588799,25.75426565,-0.709369481,17.35657927,Angola,AO,AGO,24,-12.5,18.5,2,1246700,0,Africa,Portuguese,24.90814305,Angola,AGO,-0.709369481
ATG,Antigua and Barbuda,ATG,93219,16740.3482,5.92050158,1560518519,15.67303774,41.84848367,46.0072919,-114595317.5,93.63420827,39.40997769,87.85577557,67.06416415,2.062996385,0.949530005,11.44270684,AntiguaandBarbuda,AG,ATG,28,17.05,-61.8,3,442,0,America,English,21.16828399,Antigua and Barbuda,ATG,0.949530005
ARG,Argentina,ARG,45808747,10636.11553,9.357175859,4.87E+11,1.416760243,18.03422899,14.9452529,15093471232,113.8988462,28.96390464,32.97948189,4.63851886,6.822771332,0.000468279,17.63998561,Argentina,AR,ARG,32,-34,-64,8,2766889,0,America,Spanish,26.91199597,Argentina,ARG,0.000468279
ARM,Armenia,ARM,2790974,4966.513471,6.254220067,13861409969,2.643635933,35.33597954,43.83078385,-1107862413,108.299451,60.45561035,79.16676339,22.17372764,7.184836294,-0.804036558,14.8419012,Armenia,AM,ARM,51,40,45,12,29800,1,Asia,Armenian,23.35237455,Armenia,ARM,-0.804036558
AUS,Australia,AUS,25688079,60444.50236,2.105711229,1.55E+12,1.599454297,22.07516851,17.7948769,90807781413,163.6917407,39.03057705,39.87004541,5.547902591,2.863910422,0.835315883,17.06153759,Australia,AU,AUS,36,-27,133,19,7686848,0,Pacific,English,28.07101647,Australia,AUS,0.835315883
AUT,Austria,AUT,8955797,53637.70571,4.102317176,4.80E+11,2.566072471,55.90030862,55.32198345,2507552554,96.13097272,87.91710624,111.2222921,28.4181438,2.766666667,0.899418652,16.00781159,Austria,AT,AUT,40,47.3333,13.3333,46,83858,1,Europe,German,26.89781831,Austria,AUT,0.899418652
AZE,Azerbaijan,AZE,10137750,5408.045352,5.151500069,54825411765,-3.114734473,46.48874717,29.79811852,9062113327,156.7789922,61.85270463,76.28686569,17.9016723,6.650299127,-0.837816358,16.13177664,Azerbaijan,AZ,AZE,31,40.5,47.5,5,86600,1,Asia,Azeri,24.72741964,Azerbaijan,AZE,-0.837816358
BHS,"Bahamas, The",BHS,407906,28260.43255,16.57311705,11527600000,3.323022825,28.78482945,38.97342031,-1722274131,95.3066039,33.85787154,67.75824977,37.08708198,2.904912629,0.850836754,12.91879203,Bahamas,BS,BHS,44,24.25,-76,3,13939,0,America,English,23.16801,"Bahamas, The",BHS,0.850836754
BHR,Bahrain,BHR,1463265,26860.0725,3.666329656,39303403989,4.526772115,89.6476409,70.16540762,5323278110,111.5268409,93.01229993,159.8130485,24.7254394,-0.606319385,-0.524779737,14.1961808,Bahrain,BH,BHR,48,26,50.55,5,678,0,Asia,Arabic,24.39457697,Bahrain,BHR,-0.524779737
BGD,Bangladesh,BGD,169356251,2457.924049,5.716649087,4.16E+11,0.414124964,10.6627789,17.0612258,-36008206263,82.86067365,29.94992595,27.7240047,4.405979742,5.545654308,-1.036632776,18.94751505,Bangladesh,BD,BGD,50,24,90,5,143998,0,Asia,Bengali,26.75458791,Bangladesh,BGD,-1.036632776
BLR,Belarus,BLR,9302585,7489.718947,3.290821506,69673747132,1.766406879,70.83203772,65.18241284,3970553719,98.38789786,116.4699809,136.0144506,22.9480989,9.460283896,-0.754245222,16.04580288,Belarus,BY,BLR,112,53,28,8,207595,0,Europe,Belarussian,24.96708943,Belarus,BLR,-0.754245222
BEL,Belgium,BEL,11592952,51268.38804,5.787660737,5.94E+11,4.044205098,86.8267422,85.77572166,6605269363,99.39139255,181.0370066,172.6024639,45.98916555,2.440248511,0.662566304,16.26590789,Belgium,BE,BEL,56,50.8333,4,46,33114,0,Europe,Dutch,27.11073757,Belgium,BEL,0.662566304
BEN,Benin,BEN,12996895,1361.100749,4.238708959,17690083520,1.955814597,20.91880618,27.13605466,-771728221.1,115.8221785,44.11511111,48.05486083,8.154367622,1.733539627,-0.396347791,16.38022104,Benin,BJ,BEN,204,9.5,2.25,3,112622,0,Africa,French,23.59627007,Benin,BEN,-0.396347791
BTN,Bhutan,BTN,777486,3266.362774,3.420910614,2539551327,0.267098854,31.82539726,52.73620344,-284913523.9,151.1975718,78.91157695,84.5616007,6.237455987,7.346814405,0.797127724,13.56382092,Bhutan,BT,BTN,64,27.5,90.5,3,46620,1,Asia,Burmese,21.65525326,Bhutan,BTN,0.797127724
BOL,Bolivia,BOL,12079472,3345.196588,4.846972461,40408208524,1.444202666,27.82390202,31.19443185,698177336,130.7278639,50.95251869,59.01833387,6.048223494,0.737383721,-0.278813034,16.30701804,BoliviaPlurinationalStateof,BO,BOL,68,-17,-65,4,1098581,1,America,Spanish,24.42229878,Bolivia,BOL,-0.278813034
BIH,Bosnia and Herzegovina,BIH,3270943,7230.198163,8.949991429,23649566069,2.699250081,42.15263082,53.91245644,-2680503157,111.7035903,91.5154212,96.06508726,13.20665129,1.981639006,-0.421767116,15.00058888,BosniaandHerzegovina,BA,BIH,70,44,18,4,51233,0,Europe,Serbo-Croatian,23.8866106,Bosnia and Herzegovina,BIH,-0.421767116
BWA,Botswana,BWA,2588423,7238.796096,10.05423154,18737066307,-1.702805831,41.94188965,46.87898831,-1324630315,85.86380338,84.44224801,88.82087796,8.944597566,7.240977656,1.041259646,14.76655937,Botswana,BW,BWA,72,-22,24,6,600372,1,Africa,English,23.65376955,Botswana,BWA,1.041259646
BRA,Brazil,BRA,214326223,7696.785531,4.435352819,1.65E+12,2.815132448,19.56167634,18.61975031,9406375943,123.230962,31.24986792,38.18142665,5.450981419,8.301659756,-0.41969654,19.18300982,Brazil,BR,BRA,76,-10,-55,9,8511920,0,America,Portuguese,28.13156607,Brazil,BRA,-0.41969654
BRN,Brunei Darussalam,BRN,445373,31448.91361,-2.396821442,14006497000,1.461817182,80.16891086,66.9542018,1982721410,145.4458935,140.1706651,147.1231127,7.833744495,1.733413885,1.171651721,13.00666741,BruneiDarussalam,BN,BRN,96,4.5,114.6667,10,5765,0,Asia,Malay,23.36278713,Brunei Darussalam,BRN,1.171651721
BGR,Bulgaria,BGR,6877743,12222.23565,8.515249594,84061395658,2.973219729,61.32618308,59.64789814,1442600000,102.1769887,103.9323691,120.9740812,20.06275279,3.297744353,0.364647597,15.7438011,Bulgaria,BG,BGR,100,43,25,46,110994,0,Europe,Bulgarian,25.15481327,Bulgaria,BGR,0.364647597
BFA,Burkina Faso,BFA,22100683,893.077196,4.110140346,19737616003,-0.405101383,41.84848367,46.0072919,398785467.8,120.8802492,48.92688154,87.85577557,9.987537924,3.653532872,-1.642869711,16.91111907,BurkinaFaso,BF,BFA,854,13,-2,2,274200,1,Africa,French,23.70579209,Burkina Faso,BFA,-1.642869711
BDI,Burundi,BDI,12551213,221.1578034,0.38116664,2775798697,0.357862404,5.00029,23.81837,5323278110,117.4666924,43.05067227,28.81866,24.7254394,8.404538451,-1.258357525,16.34532787,Burundi,BI,BDI,108,-3.5,30,2,27834,1,Africa,French,21.74420436,Burundi,BDI,-1.258357525
KHM,Cambodia,KHM,16589023,1625.235022,1.832958016,26961061152,12.92034311,64.60246307,67.61144273,-12637667295,88.25546057,177.6265397,132.2139058,10.1886435,2.920734776,-0.131573156,16.62425177,Cambodia,KH,KHM,116,13,105,8,181035,0,Asia,Khmer,24.01765948,Cambodia,KHM,-0.131573156
CMR,Cameroon,CMR,27198628,1666.932809,0.953583607,45338285386,2.12520499,16.70784962,20.36202736,-1578525657,133.0169835,24.91933672,37.06987698,8.691038945,2.271857625,-1.394035697,17.11867709,Cameroon,CM,CMR,120,6,12,4,475442,0,Africa,French,24.53741766,Cameroon,CMR,-1.394035697
CAN,Canada,CAN,38226498,52358.62164,4.409275153,2.00E+12,3.233946897,30.91398771,30.95542828,-877793183.3,110.9991407,50.54242814,61.86941598,11.33733575,3.395193185,0.962195992,17.4590395,Canada,CA,CAN,124,60,-95,15,9976139,0,America,English,28.32491302,Canada,CAN,0.962195992
CAF,Central African Republic,CAF,5457154,461.1375109,-1.210279564,2516498412,0.214980475,14.18648,30.49905,5323278110,92.53430166,23.08763626,44.68553,24.7254394,4.259364175,-2.12673974,15.51243797,CentralAfricanRepublic,CF,CAF,140,7,21,1,622984,1,Africa,French,21.64613425,Central African Republic,CAF,-2.12673974
TCD,Chad,TCD,17179740,685.690315,-4.276978783,11779981332,5.985584692,38.75012725,44.23464962,5323278110,118.684953,39.22756641,82.98477687,24.7254394,-0.77284437,-1.389812827,16.65924134,Chad,TD,TCD,148,15,19,1,1284005,1,Africa,French,23.18966743,Chad,TCD,-1.389812827
CHL,Chile,CHL,19493184,16247.40102,10.63188122,3.17E+11,5.030735199,31.97966769,32.74195697,-1848064595,136.1406607,59.09819259,64.72162465,7.661050302,4.524568383,0.161352158,16.78557542,Chile,CL,CHL,152,-30,-71,31,756945,0,America,Spanish,26.481265,Chile,CHL,0.161352158
CHN,China,CHN,1412360000,12617.50499,8.350729715,1.78E+13,1.930786241,19.94397346,17.35801671,4.61E+11,90.22324273,33.92117949,37.30199017,4.376980743,0.981015136,-0.516728878,21.0685279,China,CN,CHN,156,35,105,16,9572378,0,Asia,Chinese,30.5113706,China,CHN,-0.516728878
COL,Colombia,COL,51516562,6182.707099,9.753601489,3.19E+11,3.001877754,16.32829834,23.91726886,-20002173960,126.3891085,31.83178635,40.2455672,7.02061115,3.495057574,-0.954557538,17.75741391,Colombia,CO,COL,170,4,-72,15,1141748,0,America,Spanish,26.48692599,Colombia,COL,-0.954557538
COM,Comoros,COM,821625,1577.470841,0.190939004,1296089479,0.310531969,10.80732162,31.47040711,-287634089.1,59.79753184,27.85301522,42.27772873,19.65691233,6.822771332,-0.228033617,13.61903937,Comoros,KM,COM,174,-12.1667,44.25,3,1862,0,Africa,Arabic,20.98261747,Comoros,COM,-0.228033617
COG,"Congo, Rep.",COG,5835806,2290.382994,-4.439489192,13366230821,3.980040435,58.45759267,37.15729322,5323278110,126.1173277,80.27693179,95.61488589,24.7254394,1.715642755,-0.229479313,15.57952295,Congo,CG,COG,178,-1,15,1,342000,0,Africa,French,23.31599728,"Congo, Rep.",COG,-0.229479313
CRI,Costa Rica,CRI,5153957,12537.25675,7.135613065,64616482168,5.560194764,36.76877246,35.11850527,2096332695,96.16389805,56.05690496,71.88727773,20.78862037,1.726477551,0.860289991,15.45527533,CostaRica,CR,CRI,188,10,-84,15,51076,0,America,Spanish,24.89173536,Costa Rica,CRI,0.860289991
CIV,Cote d'Ivoire,CIV,27478249,2613.378893,4.404815964,71811075955,1.939025596,22.5897744,22.53457119,39662854.48,94.05324425,40.85720707,45.12434559,6.731567086,4.091951897,-0.715018511,17.1289053,CÃ´ted'Ivoire,CI,CIV,384,8,-5,4,322463,0,Africa,French,24.99730456,Cote d'Ivoire,CIV,-0.715018511
HRV,Croatia,HRV,3879000,17747.78929,17.98919887,68843674641,6.769226655,51.27800613,52.74852333,-1022653451,96.23346346,81.93200072,104.0265295,32.22340419,2.554506996,0.62148279,15.17108795,Croatia,HR,HRV,191,45.1667,15.5,46,56538,0,Europe,Serbo-Croatian,24.95510419,Croatia,HRV,0.62148279
CYP,Cyprus,CYP,1244188,31552.03516,5.649950249,28408064462,-117.4194409,86.61696238,83.69550718,802511369.3,86.05034814,49.97524565,170.3124696,122.2553988,2.446088672,0.422054201,14.03399367,Cyprus,CY,CYP,196,35,33,46,9251,0,Europe,Greek,24.0699389,Cyprus,CYP,0.422054201
CZE,Czechia,CZE,10505772,26822.51419,5.446064899,2.82E+11,4.574645869,72.7282341,69.76677754,8110795039,98.85331467,155.624438,142.4950116,19.46283067,3.839844915,0.947398126,16.16743538,CzechRepublic,CZ,CZE,203,49.75,15.5,46,78864,1,Europe,Czech,26.3644315,Czechia,CZE,0.947398126
DNK,Denmark,DNK,5856733,68007.75667,4.402231182,3.98E+11,4.526891386,59.65853968,52.52171418,27143752552,99.11998188,61.82525147,112.1802539,45.67979129,1.85304544,0.928524494,15.5831025,Denmark,DK,DNK,208,56,10,46,43094,0,Europe,Danish,26.71047886,Denmark,DNK,0.928524494
DMA,Dominica,DMA,72412,7668.158132,6.276019363,555266666.7,6.083370935,41.84848367,46.0072919,-184429092.5,96.88631301,45.02341217,87.85577557,37.32661566,6.822771332,1.333959103,11.19012731,Dominica,DM,DMA,212,15.4167,-61.3333,3,751,0,America,English,20.13495904,Dominica,DMA,1.333959103
DOM,Dominican Republic,DOM,11117873,8476.749688,11.07827632,94243426487,3.554306252,21.75270208,30.98216499,-8089100000,99.29179714,39.01492271,52.73486707,13.28697445,8.24300348,0.287300646,16.22406455,DominicanRepublic,DO,DOM,214,19,-70.6667,5,48734,0,America,Spanish,25.26914692,Dominican Republic,DOM,0.287300646
ECU,Ecuador,ECU,17797737,5965.132871,3.010378163,1.06E+11,0.609707409,26.18836454,25.19764403,909618433.8,107.4244255,49.34636901,51.38600857,5.861055748,0.133251386,-0.257427931,16.69458187,Ecuador,EC,ECU,218,-2,-77.5,8,275716,0,America,Spanish,25.38826974,Ecuador,ECU,-0.257427931
EGY,"Egypt, Arab Rep.",EGY,109262178,3886.722498,1.591816288,4.25E+11,1.206178611,10.56115022,19.29582327,-35699505000,123.9795003,26.89088592,29.85697348,10.6018574,5.214049405,-1.032840967,18.50926085,Egypt,EG,EGY,818,27,30,10,1001449,0,Africa,Arabic,26.77458294,"Egypt, Arab Rep.",EGY,-1.032840967
SLV,El Salvador,SLV,6314167,4664.311223,10.80058144,29451240000,2.808694944,28.28369875,52.48906328,-7128778169,95.84874793,71.34504354,80.77276203,18.60020785,3.466925853,-0.09154629,15.6583064,ElSalvador,SV,SLV,222,13.8333,-88.9167,12,21041,0,America,Spanish,24.10600185,El Salvador,SLV,-0.09154629
GNQ,Equatorial Guinea,GNQ,1634466,7506.667861,-3.273593613,12269393392,3.747930371,55.4732497,46.5940499,5323278110,151.2597502,65.93643012,102.0672996,24.7254394,-0.097100766,-0.20278056,14.3068267,EquatorialGuinea,GQ,GNQ,226,2,10,1,28051,0,Africa,Spanish,23.23037366,Equatorial Guinea,GNQ,-0.20278056
EST,Estonia,EST,1330932,27943.70122,7.899032598,37191166152,19.79293743,78.29665167,78.66139747,-178003042.7,100.9339299,121.5154153,156.9580491,48.67674074,4.653166738,0.748466134,14.10139001,Estonia,EE,EST,233,59,26,46,45227,0,Europe,Estonian,24.3393371,Estonia,EST,0.748466134
SWZ,Eswatini,SWZ,1192271,3982.905229,6.832226163,4748702401,2.376760613,45.00247147,45.86286085,-40789539.98,105.6870628,88.25568853,90.86533232,6.502097043,6.822771332,-0.34604305,13.99137045,Swaziland,SZ,SWZ,748,-26.5,31.5,3,17364,1,Africa,Swati,22.28113724,Eswatini,SWZ,-0.34604305
ETH,Ethiopia,ETH,120283026,925.0006972,2.925804545,1.11E+11,3.82830641,7.631701645,16.6672656,-11363400666,104.6352236,17.9055032,24.29896725,10.86796828,26.83952216,-2.183713198,18.60535807,Ethiopia,ET,ETH,231,8,38,1,1127127,1,Africa,Amharic,25.43515362,Ethiopia,ETH,-2.183713198
FJI,Fiji,FJI,924610,4646.537921,-5.541402213,4296235428,9.540784423,27.30659828,54.57689794,-1172500874,100.9862573,68.22251828,81.88349622,18.46581703,0.155855722,0.724108815,13.73712731,Fiji,FJ,FJI,242,-18,175,5,18333,0,Pacific,English,22.18100499,Fiji,FJI,0.724108815
FIN,Finland,FIN,5541017,53489.75202,2.833099902,2.96E+11,8.053397726,39.55162534,39.46183867,27264089.97,95.18569686,56.68556501,79.01346401,23.74683606,2.194574323,0.963134944,15.52768862,Finland,FI,FIN,246,64,26,46,336593,0,Europe,Swedish,26.41493524,Finland,FIN,0.963134944
FRA,France,FRA,67749632,43658.97898,6.535119983,2.96E+12,3.240998541,29.44875183,31.39091596,-38447083775,96.39559174,43.95388271,60.8396678,19.13209542,1.64233141,0.325523823,18.03132959,France,FR,FRA,250,46,2,46,547026,0,Europe,French,28.71549391,France,FRA,0.325523823
GAB,Gabon,GAB,2341179,8635.797144,-0.638652873,20217946921,7.563681367,55.5421785,16.58560427,5323278110,120.4890596,55.42105756,72.12778277,24.7254394,1.086907465,-0.075772829,14.66616521,Gabon,GA,GAB,266,-1,11.75,1,267667,0,Africa,French,23.72983651,Gabon,GAB,-0.075772829
GMB,"Gambia, The",GMB,2639916,772.1514524,1.661892014,2038414974,12.35384512,6.471859052,35.62095214,-590781629.5,97.46437239,31.39694362,42.0928112,10.92331909,7.370347589,0.035266154,14.78625766,Gambia,GM,GMB,270,13.4667,-16.5667,1,11295,0,Africa,English,21.43543837,"Gambia, The",GMB,0.035266154
GEO,Georgia,GEO,3708610,5023.274384,10.88570186,18629365612,6.803097551,43.18690616,59.63428989,-3064983355,104.9355058,76.98598169,102.8211961,23.45279606,9.566914338,-0.429646611,15.1261677,Georgia,GE,GEO,268,42,43.5,14,69700,0,Asia,Georgian,23.64800497,Georgia,GEO,-0.429646611
DEU,Germany,DEU,83196078,51203.55447,2.583557475,4.26E+12,2.251301763,47.03055459,41.71222322,2.37E+11,98.83209487,71.79109689,88.74277782,18.97704027,3.066666667,0.725666702,18.23671077,Germany,DE,DEU,276,51,9,46,357325,0,Europe,German,29.08027384,Germany,DEU,0.725666702
GHA,Ghana,GHA,32833031,2410.877309,3.262281996,79156409410,3.300793722,29.90761972,28.52239391,-2065721379,122.8948552,35.82274665,58.43001363,27.17649175,9.971088675,0.065785304,17.30694561,Ghana,GH,GHA,288,8,-2,4,238538,0,Africa,English,25.0946916,Ghana,GHA,0.065785304
GRC,Greece,GRC,10641221,20192.5963,9.01910939,2.15E+11,2.853988532,40.87400305,48.58689937,-16011319346,95.60693886,57.85859133,89.46090242,31.34620879,1.22382501,0.101313189,16.18024579,Greece,GR,GRC,300,39,22,46,131621,0,Europe,Greek,26.09331765,Greece,GRC,0.101313189
GRD,Grenada,GRD,124610,9010.5128,3.89188358,1122800000,12.8452172,41.84848367,46.0072919,-87411316.47,86.0851713,42.9283933,87.85577557,64.13875593,1.219511939,1.040163636,11.73294414,Grenada,GD,GRD,308,12.1167,-61.6667,3,345,0,America,English,20.8390914,Grenada,GRD,1.040163636
GTM,Guatemala,GTM,17109746,5029.477338,6.415405552,86053079767,4.180876164,17.71210446,31.77942773,-12070301980,106.2569031,46.90128478,49.49153219,8.125588821,4.261051274,-0.395547092,16.6551588,Guatemala,GT,GTM,320,15.5,-90.25,10,108889,0,America,Spanish,25.17823015,Guatemala,GTM,-0.395547092
GIN,Guinea,GIN,13531906,1189.175999,1.391141551,16091817842,1.228015392,42.98975094,62.81325955,4912760000,134.8434227,89.64804438,105.8030105,7.412400586,12.59728826,-0.939894259,16.42056086,Guinea,GN,GIN,324,11,-10,2,245857,0,Africa,French,23.50157677,Guinea,GIN,-0.939894259
GNB,Guinea-Bissau,GNB,2060721,795.118605,1.538709655,1638517607,1.130883384,41.84848367,46.0072919,-183258031.7,103.9026638,43.45391206,87.85577557,12.40910997,2.242488796,-0.280024618,14.53856648,Guinea-Bissau,GW,GNB,624,12,-15,1,36125,0,Africa,Portuguese,21.21705777,Guinea-Bissau,GNB,-0.280024618
GUY,Guyana,GUY,804567,9998.544311,18.96098255,8044498801,27.81171072,41.84848367,46.0072919,-1970918942,123.9154309,108.5462279,87.85577557,39.71090723,5.032855746,-0.137163654,13.59805952,Guyana,GY,GUY,328,5,-59,4,214970,0,America,English,22.80825432,Guyana,GUY,-0.137163654
HTI,Haiti,HTI,11447569,1823.742224,-3.005803291,20877414952,0.245715287,7.137551003,30.02785077,-3980565582,92.01396025,26.02812663,37.16540177,3.489581151,16.84152402,-1.128099442,16.25328795,Haiti,HT,HTI,332,19,-72.4167,3,27750,0,America,French,23.76193379,Haiti,HTI,-1.128099442
HND,Honduras,HND,10278345,2771.722616,10.81973307,28488721296,2.809237891,38.46333505,61.917341,-6585649300,94.32010898,88.76846292,100.3806761,18.59408701,4.480879634,-0.627824068,16.14554981,Honduras,HN,HND,340,15,-86.5,13,112088,0,America,Spanish,24.0727741,Honduras,HND,-0.627824068
HUN,Hungary,HUN,9709891,18772.14111,7.64446029,1.82E+11,16.37107722,80.25323803,79.94643936,686883630.1,103.6967011,156.2179708,160.1996774,26.30751918,5.110965344,0.798463762,16.08865561,Hungary,HU,HUN,348,47,20,46,93032,1,Europe,Hungarian,25.92878237,Hungary,HUN,0.798463762
ISL,Iceland,ISL,372520,68594.0081,2.636989964,25552639899,0.424726746,37.37103987,39.41500577,-510580806.4,98.95993399,54.02181557,76.78604564,25.07101726,4.444239702,1.372178674,12.82804601,Iceland,IS,ISL,352,65,-18,35,102819,0,Europe,Icelandic,23.96400647,Iceland,ISL,1.372178674
IND,India,IND,1407563842,2238.127139,8.184367716,3.15E+12,1.419775276,21.5143886,24.1532946,-74039374428,90.74087142,30.74360851,45.6676832,12.01881209,5.131407472,-0.691997945,21.06512628,India,IN,IND,356,20,77,19,3287590,0,Asia,English,28.77852198,India,IND,-0.691997945
IDN,Indonesia,IDN,273753191,4334.215983,2.985108627,1.19E+12,1.787862013,21.40812311,18.78962814,29207502575,100.7706059,36.04669477,40.19775125,3.582036361,1.560129905,-0.531467199,19.4277375,Indonesia,ID,IDN,360,-5,120,15,1933658,0,Asia,Indonesian,27.80203734,Indonesia,IDN,-0.531467199
IRN,"Iran, Islamic Rep.",IRN,87923432,4084.200305,3.965568691,3.59E+11,0.396828814,22.83923199,21.53460206,5323278110,138.4310848,33.59093253,44.37383405,24.7254394,43.38901627,-1.584384561,18.2919769,IranIslamicRepublicof,IR,IRN,364,32,53,3,1648100,0,Asia,Persian,26.60685838,"Iran, Islamic Rep.",IRN,-1.584384561
IRQ,Iraq,IRQ,43533592,4770.835343,-0.695471074,2.08E+11,-1.269815442,37.68111,24.4145166,27553600000,106.6928291,68.47701133,62.09562661,10.18938661,6.041864891,-2.384559393,17.58904343,Iraq,IQ,IRQ,368,33,44,2,437072,0,Asia,Arabic,26.05932205,Iraq,IRQ,-2.384559393
IRL,Ireland,IRL,5033165,100172.0793,12.50988246,5.04E+11,16.06930901,134.4147927,95.03124372,2.07E+11,87.93518281,61.67864539,229.4460365,138.9571918,2.358142962,0.84353143,15.43155957,Ireland,IE,IRL,372,53,-8,46,70285,0,Europe,English,26.94620513,Ireland,IRL,0.84353143
ISR,Israel,ISR,9364700,52166.81216,6.876926358,4.89E+11,4.398184742,29.45899334,25.50393195,17556300000,90.06111817,31.17824431,54.96292529,22.16311497,1.510200477,-1.122282505,16.05245786,Israel,IL,ISR,376,31.5,34.75,11,21621,0,Asia,Hebrew,26.91466058,Israel,ISR,-1.122282505
ITA,Italy,ITA,59109668,35770.04961,7.582577997,2.11E+12,0.89443321,32.69340172,30.4152924,48460197165,99.13694753,55.95349771,63.10869412,10.30162759,1.873783258,0.550413907,17.89490506,Italy,IT,ITA,380,42.8333,12.8333,46,301323,0,Europe,Italian,28.37977328,Italy,ITA,0.550413907
JAM,Jamaica,JAM,2827695,5183.5811,4.331480446,14657586359,2.186444563,27.5344761,45.81923203,-3004608496,102.4840512,50.84056691,73.35370813,41.36166224,5.862782428,0.217914656,14.85497245,Jamaica,JM,JAM,388,18.25,-77.5,3,10991,0,America,English,23.40822388,Jamaica,JAM,0.217914656
JPN,Japan,JPN,125681593,39827.12677,2.61337631,5.01E+12,0.692617831,18.20157767,18.73894775,-21810914913,94.92279776,30.46642309,36.94052543,7.597343674,-0.233352779,1.015356421,18.64926223,Japan,JP,JPN,392,36,138,18,377801,0,Asia,Japanese,29.24156641,Japan,JPN,1.015356421
JOR,Jordan,JOR,11148278,4046.931467,0.209793736,45116317042,1.378284015,41.84848367,46.0072919,-9451830986,99.38500517,68.48963308,87.85577557,19.20918958,1.346093772,-0.315793395,16.2267956,Jordan,JO,JOR,400,31,36,8,91862,0,Asia,Arabic,24.53250981,Jordan,JOR,-0.315793395
KAZ,Kazakhstan,KAZ,19000988,10373.78979,2.953381361,1.97E+11,2.307807441,33.54685171,23.99704961,22208745512,133.3077083,51.64366864,57.54390132,6.99807095,8.042320628,-0.231327519,16.76000154,Kazakhstan,KZ,KAZ,398,48,68,11,2717300,1,Asia,Kazakh,26.00703793,Kazakhstan,KAZ,-0.231327519
KEN,Kenya,KEN,53005614,2069.661137,5.520436304,1.10E+11,0.422364157,10.77418122,19.91510071,-10027922406,92.15516468,23.97185305,30.68928192,8.236059014,6.110909164,-1.032414198,17.78590839,Kenya,KE,KEN,404,1,38,3,582646,0,Africa,English,25.42105167,Kenya,KEN,-1.032414198
KIR,Kiribati,KIR,128874,1766.143945,5.847205868,227610034.8,0.453132905,11.55115512,87.12871287,-191229248,114.3331975,81.27936898,98.67986799,25.52606438,6.822771332,1.13891089,11.76659046,Kiribati,KI,KIR,296,1.4167,173,3,717,0,Pacific,English,19.24314435,Kiribati,KIR,1.13891089
KOR,"Korea, Rep.",KOR,51744876,34997.78164,4.329207461,1.81E+12,1.218163311,42.03549524,38.45684471,70444200000,92.30171744,69.54851965,80.49233995,13.5389108,2.498333333,0.629525959,17.76183597,KoreaRepublicof,KR,KOR,410,37,127.5,22,99484,0,Asia,Korean,28.22487821,"Korea, Rep.",KOR,0.629525959
KWT,Kuwait,KWT,4250114,32186.76541,3.937943113,1.37E+11,-0.199079268,41.84848367,46.0072919,28167224975,124.9576121,69.45818015,87.85577557,21.77932882,3.423629476,0.262982517,15.26245636,Kuwait,KW,KWT,414,29.3375,47.6581,4,17818,0,Asia,Arabic,25.64176391,Kuwait,KWT,0.262982517
KGZ,Kyrgyz Republic,KGZ,6691800,1306.177992,4.392307614,8740681889,2.58796056,37.75711205,67.95297766,-2636032232,124.5522571,95.32437063,105.7100897,14.43342764,11.90503982,-0.467156112,15.71639345,Kyrgyzstan,KG,KGZ,417,41,75,10,198500,1,Asia,Kyrgyz,22.89125404,Kyrgyz Republic,KGZ,-0.467156112
LAO,Lao PDR,LAO,7425057,2535.623434,1.069380314,18827148530,5.69344696,41.84848367,46.0072919,1292826125,169.6898251,74.20135863,87.85577557,2.004156173,3.755620367,0.71241802,15.82037092,LaoPeople'sDemocraticRepublic,LA,LAO,418,18,105,9,236800,1,Asia,Lao,23.65856574,Lao PDR,LAO,0.71241802
LVA,Latvia,LVA,1884490,21080.17745,4.945293071,39725383601,9.367003695,63.67516992,67.11129135,-1253005605,104.6708057,113.9800196,130.7864613,26.57939232,3.275829374,0.673323035,14.44916779,Latvia,LV,LVA,428,57,25,46,64589,0,Europe,Latvian,24.40525621,Latvia,LVA,0.673323035
LBN,Lebanon,LBN,5592631,4136.146575,-5.832366777,23131941557,2.581497054,26.02562769,52.80299271,-7235996835,103.7626998,79.74687276,78.8286204,45.77120313,154.756096,-1.481944561,15.5369604,Lebanon,LB,LBN,422,33.8333,35.8333,4,10452,0,Asia,Arabic,23.86448025,Lebanon,LBN,-1.481944561
LSO,Lesotho,LSO,2281454,1040.308623,0.34003145,2373416269,-0.521282028,45.54803187,93.52127211,-1139244724,77.595431,116.2459378,139.069304,18.08913193,6.04774592,-0.213269129,14.64032352,Lesotho,LS,LSO,426,-29.5,28.5,7,30355,1,Africa,English,21.58759622,Lesotho,LSO,-0.213269129
LBR,Liberia,LBR,5193416,675.6631858,2.847282103,3509000000,1.301795383,41.84848367,46.0072919,-698395251.8,142.3107465,63.23738957,87.85577557,15.98912513,6.822771332,-0.286361516,15.46290223,Liberia,LR,LBR,430,6.5,-9.5,1,111369,0,Africa,English,21.97859693,Liberia,LBR,-0.286361516
LBY,Libya,LBY,6735277,5908.951323,29.78606494,39798423941,3.415473207,41.84848367,46.0072919,5323278110,106.1789111,127.766366,87.85577557,24.7254394,2.868330278,-2.308345795,15.7228695,LibyanArabJamahiriya,LY,LBY,434,25,17,2,1759540,0,Africa,Arabic,24.40709315,Libya,LBY,-2.308345795
LTU,Lithuania,LTU,2800839,23712.53578,5.755554889,66414994992,4.474319249,80.52886972,76.00747658,3020395117,97.89889991,128.2752487,156.5363463,38.59105064,4.683544209,0.80971843,14.84542957,Lithuania,LT,LTU,440,56,24,46,65300,0,Europe,Lithuanian,24.9191887,Lithuania,LTU,0.80971843
LUX,Luxembourg,LUX,640064,133590.147,3.518686975,85506243834,29.38100182,211.4334322,176.6870012,29677561791,95.36260271,50.25364005,388.1204334,316.3203421,2.526920091,1.193919539,13.36932345,Luxembourg,LU,LUX,442,49.75,6.1667,46,2586,1,Europe,French,25.17185524,Luxembourg,LUX,1.193919539
MDG,Madagascar,MDG,28915653,503.3520811,3.214662664,14554754115,2.456494025,22.77428988,31.68275171,-1407090214,81.80634037,49.01491254,54.45704159,11.99781186,5.812251188,-0.54227978,17.17989363,Madagascar,MG,MDG,450,-20,47,2,587041,0,Africa,French,23.40118352,Madagascar,MDG,-0.54227978
MWI,Malawi,MWI,19889742,633.6097333,0.102866904,12602334124,0.368289009,41.84848367,46.0072919,-2043301776,90.43666071,32.39082506,87.85577557,8.357847874,9.330144108,-0.109315783,16.80571468,Malawi,MW,MWI,454,-13.5,34,2,118484,1,Africa,English,23.25714788,Malawi,MWI,-0.109315783
MYS,Malaysia,MYS,33573874,11109.26529,1.94412111,3.73E+11,5.427931547,68.83892463,61.73092587,26980425522,104.9467865,144.1534273,130.5698505,15.63767055,2.477102415,0.058753986,17.32925876,Malaysia,MY,MYS,458,2.5,112.5,16,329758,0,Asia,Malay,26.64479332,Malaysia,MYS,0.058753986
MDV,Maldives,MDV,521457,10366.25678,39.83716018,5405557162,11.89203433,75.2978411,67.78743171,500831352.1,104.3214387,52.87151564,143.0852728,88.63836691,0.543149689,0.534778357,13.1643821,Maldives,MV,MDV,462,3.25,73,2,298,0,Asia,Maldivian,22.41069337,Maldives,MDV,0.534778357
MLI,Mali,MLI,21904983,881.5100886,-0.15090208,19309463506,3.314147828,27.86714592,39.34279875,-2215235072,124.3125446,56.23149497,67.20994467,15.31030872,3.925602831,-2.332805395,16.9022247,Mali,ML,MLI,466,17,-4,2,1240142,1,Africa,French,23.68386115,Mali,MLI,-2.332805395
MLT,Malta,MLT,518536,34218.21474,11.11506171,17743376199,26.83288288,169.6969796,153.3420914,2575224596,104.1150524,57.46933326,323.039071,220.0579528,1.497892179,0.887379706,13.15876474,Malta,MT,MLT,470,35.8333,14.5833,46,316,0,Europe,English,23.59927811,Malta,MLT,0.887379706
MRT,Mauritania,MRT,4614974,2166.044797,-0.137867842,9996240419,10.70655066,39.45245355,60.94056787,-1131838871,151.7461111,71.29680461,100.3930214,10.59954251,3.565164847,-0.555529892,15.34481679,Mauritania,MR,MRT,478,20,-12,0,1030700,0,Africa,Arabic,23.0254749,Mauritania,MRT,-0.555529892
MUS,Mauritius,MUS,1266334,9062.722476,3.373251289,11476433604,2.206166667,44.23953502,53.99548986,-2862549995,93.76095587,61.82234172,98.23502488,23.04451816,4.028528882,0.832465351,14.05163667,Mauritius,MU,MUS,480,-20.2833,57.55,8,2045,0,Africa,English,23.16356152,Mauritius,MUS,0.832465351
MEX,Mexico,MEX,126705138,10045.67637,4.136372212,1.27E+12,2.630144096,41.10186896,42.84003465,-25749822654,96.78760023,79.91742484,83.94190361,7.142293469,5.689208477,-0.688360929,18.6573732,Mexico,MX,MEX,484,23,-102,23,1967210,0,America,Spanish,27.87227174,Mexico,MEX,-0.688360929
MDA,Moldova,MDA,2615199,5235.636044,14.79828508,13692230147,2.857898208,30.64878771,57.82209883,-3717930000,107.9708516,75.37851679,88.47088654,20.42866626,5.10641129,-0.205342084,14.77685075,MoldovaRepublicof,MD,MDA,498,47,29,9,33700,0,Europe,Romanian,23.34009437,Moldova,MDA,-0.205342084
MNG,Mongolia,MNG,3347782,4566.140131,0.014148861,15286441740,14.21773194,58.54886395,60.54921448,-305729911.4,147.6998371,105.2370478,119.0980784,21.61589472,7.352812434,0.705798924,15.02380859,Mongolia,MN,MNG,496,46,105,1,1565500,1,Asia,Mongolian,23.45023211,Mongolia,MNG,0.705798924
MAR,Morocco,MAR,37076584,3795.386963,6.790377381,1.43E+11,1.584799311,32.93164216,42.0200381,-13124927044,88.90628884,65.70955779,74.95168025,16.79102765,1.40195884,-0.402591288,17.42849617,Morocco,MA,MAR,504,32,-5,9,710850,0,Africa,Arabic,25.68517996,Morocco,MAR,-0.402591288
MOZ,Mozambique,MOZ,32077072,491.8390749,-0.539800271,15776757420,33.56454032,31.38408041,68.83313561,-3987203279,128.8146679,90.01215917,100.217216,21.4195869,6.40847653,-1.259354234,17.28365206,Mozambique,MZ,MOZ,508,-18.25,35,5,801590,0,Africa,Portuguese,23.48180364,Mozambique,MOZ,-1.259354234
MMR,Myanmar,MMR,53798084,1210.540688,-18.48495937,65124769602,3.173303312,33.73715766,32.10117692,5323278110,127.0298665,45.26849028,65.83833459,24.7254394,6.822771332,-2.083969355,17.80074841,Myanmar,MM,MMR,104,22,98,8,678500,0,Asia,Burmese,24.8995708,Myanmar,MMR,-2.083969355
NAM,Namibia,NAM,2530151,4919.188955,1.844917215,12446290855,5.549498077,31.85758494,50.14601848,-2137192352,103.7229311,146.678237,82.00360342,12.28095623,3.616905301,0.518684864,14.74378954,Namibia,,NAM,516,-22,17,7,825518,0,Africa,English,23.24468849,Namibia,NAM,0.518684864
NPL,Nepal,NPL,30034989,1229.394205,2.442379732,36924841430,0.531690906,5.119171485,37.93463331,-14473555928,106.686192,47.60210016,43.05380479,6.397964012,4.087910459,-0.188807815,17.21787356,Nepal,NP,NPL,524,28,84,3,147181,1,Asia,Nepali,24.33215037,Nepal,NPL,-0.188807815
NLD,Netherlands,NLD,17533044,57708.11121,4.315704495,1.01E+12,-12.99467455,83.06591698,72.7954224,1.16E+11,96.9359057,157.8784158,155.8613394,36.99122608,2.675720088,0.892923951,16.67959789,Netherlands,NL,NLD,528,52.5,5.75,46,41863,0,Europe,Dutch,27.64275204,Netherlands,NLD,0.892923951
NZL,New Zealand,NZL,5111400,49996.42067,4.731654073,2.56E+11,1.776514828,22.15173582,26.04878508,-8061234300,114.8210104,37.03047105,48.2005209,9.226891574,3.941120608,1.395236254,15.4469839,NewZealand,NZ,NZL,554,-41,174,14,268676,0,Pacific,English,26.26669175,New Zealand,NZL,1.395236254
NIC,Nicaragua,NIC,6850540,2064.925116,8.822378076,14145852101,8.625143196,46.61141975,60.07006697,-1724078858,101.1655893,117.7801088,106.6814867,13.50728912,4.928413969,-0.471998215,15.73983804,Nicaragua,NI,NIC,558,13,-85,10,130670,0,America,Spanish,23.37268728,Nicaragua,NIC,-0.471998215
NER,Niger,NER,25252722,590.6294814,-2.302896272,14915002098,3.98812637,10.28391012,27.22719446,-2539823428,105.2378342,31.97451779,37.51110457,9.967807108,3.837868028,-1.53848505,17.04444451,Niger,NE,NER,562,16,8,2,1267000,1,Africa,French,23.4256334,Niger,NER,-1.53848505
NGA,Nigeria,NGA,213401323,2065.749068,1.182828223,4.41E+11,0.751578401,10.7384551,11.83808351,-16622243079,127.3812585,22.40097025,22.57653861,4.548897662,16.95284572,-1.787299275,19.1786851,Nigeria,NG,NGA,566,10,8,2,923768,0,Africa,English,26.81193422,Nigeria,NGA,-1.787299275
MKD,North Macedonia,MKD,2065092,6694.641126,5.88607665,13825049832,5.036188199,66.21476445,82.25420257,-2196967753,87.85655231,141.56911,148.468967,25.49931597,3.230749121,0.062417198,14.54068534,MacedoniatheformerYugoslavRepublicof,MK,MKD,807,41.8333,22,2,25713,1,Europe,Macedonian,23.34974799,North Macedonia,MKD,0.062417198
NOR,Norway,NOR,5408320,90655.39102,3.344262233,4.90E+11,2.891950874,41.73738371,28.80834453,62897253954,113.4316669,52.59504181,70.54572825,16.99532932,3.483880553,1.088475108,15.50344907,Norway,NO,NOR,578,62,10,34,323752,0,Europe,Norwegian,26.91826901,Norway,NOR,1.088475108
OMN,Oman,OMN,4520471,19509.46646,3.615164617,88191977373,4.557677434,52.52660194,41.38954422,9821991771,96.90936298,85.70620849,93.91614616,11.55068999,1.546637056,0.431887984,15.32412675,Oman,OM,OMN,512,21,57,5,212379,0,Asia,Arabic,25.20278184,Oman,OMN,0.431887984
PAK,Pakistan,PAK,231402117,1505.010193,4.551848476,3.48E+11,0.61648892,9.058204768,17.99193896,-40902106000,107.6016464,28.94597812,27.05014373,4.919031995,9.496210561,-1.713656187,19.25966752,Pakistan,PK,PAK,586,30,70,10,882872,0,Asia,Urdu,26.57622378,Pakistan,PAK,-1.713656187
PAN,Panama,PAN,4351267,15491.28979,14.3217931,67406738052,2.612264111,41.84848367,46.0072919,2914085792,106.4685101,50.07956322,87.85577557,21.94387936,1.630703373,0.307120055,15.28597763,Panama,PA,PAN,591,9,-80,18,75648,0,America,Spanish,24.93401082,Panama,PAN,0.307120055
PNG,Papua New Guinea,PNG,9949437,2644.537173,-1.910131799,26311656000,-0.040713863,41.84848367,46.0072919,5321494432,177.4335415,61.7825043,87.85577557,8.362994983,4.48359014,-0.576708913,16.11302652,PapuaNewGuinea,PG,PNG,598,-6,147,6,462840,0,Pacific,English,23.99327787,Papua New Guinea,PNG,-0.576708913
PRY,Paraguay,PRY,6703799,5959.441763,2.696256138,39950899733,0.51837496,35.48709251,34.25518051,504547401.1,145.9292679,60.34156968,69.74227302,8.309117372,4.787983101,-0.000999591,15.71818494,Paraguay,PY,PRY,600,-23,-58,8,406752,1,America,Spanish,24.41091703,Paraguay,PRY,-0.000999591
PER,Peru,PER,33715471,6635.463923,12.03590104,2.24E+11,3.316615237,29.49320912,26.47633068,7205984827,127.9924954,49.41001753,55.96953979,6.10790067,4.271663815,-0.355285466,17.33346737,Peru,PE,PER,604,-10,-76,21,1285216,0,America,Spanish,26.13365217,Peru,PER,-0.355285466
PHL,Philippines,PHL,113880328,3460.539401,4.146514167,3.94E+11,3.040788536,25.75203378,37.73257671,-38767003795,95.83385449,50.49261133,63.48461049,13.47447215,3.927180221,-0.984003067,18.5506587,Philippines,PH,PHL,608,13,122,11,300000,0,Asia,English,26.69983753,Philippines,PHL,-0.984003067
POL,Poland,POL,37747124,17999.83227,7.277862111,6.79E+11,5.462277196,57.91067506,54.53492219,22955000000,98.46895164,100.4871792,112.4455972,19.21665412,5.055027047,0.491801322,17.44641985,Poland,PL,POL,616,52,20,46,312685,0,Europe,Polish,27.24453771,Poland,POL,0.491801322
PRT,Portugal,PRT,10325147,24598.47279,5.215977985,2.54E+11,3.091140472,41.63373844,44.48646649,-6766334731,97.60118453,68.28374501,86.12020492,20.57251014,1.265657191,0.93725127,16.15009293,Portugal,PT,PRT,620,39.5,-8,46,92389,0,Europe,Portuguese,26.26053317,Portugal,PRT,0.93725127
QAT,Qatar,QAT,2688235,66838.32764,4.317616379,1.80E+11,-0.608539653,58.91413046,34.13173535,44345054945,155.7932155,64.10832525,93.04586581,29.3227431,2.304465657,0.83326143,14.8043954,Qatar,QA,QAT,634,25.5,51.25,4,11437,0,Asia,Arabic,25.91442663,Qatar,QAT,0.83326143
RUS,Russian Federation,RUS,143449286,12593.15723,6.045474051,1.84E+12,2.202088546,29.89489634,20.66284785,1.70E+11,115.2452309,43.46270587,50.55774419,7.157933324,6.69445892,-0.707901835,18.78149212,RussianFederation,RU,RUS,643,60,100,12,17075400,0,Asia,Russian,28.23909504,Russian Federation,RUS,-0.707901835
RWA,Rwanda,RWA,13461888,821.2281941,8.277953271,11055281971,1.916695833,19.54396741,35.16353774,-1745970645,119.4853832,40.03516158,54.70750516,11.26453506,-0.391346748,0.071905822,16.41537314,Rwanda,RW,RWA,646,-2,30,2,26338,1,Africa,French,23.12617416,Rwanda,RWA,0.071905822
WSM,Samoa,WSM,218764,3857.356685,-8.713423661,843850777.8,1.060486627,11.68670117,49.20745301,-332236640.1,101.2080261,47.04623263,60.89415418,19.11523624,3.133204732,1.106232166,12.2957488,Samoa,WS,WSM,882,-13.5833,-172.3333,5,2842,0,Pacific,Samoan,20.55348623,Samoa,WSM,1.106232166
STP,Sao Tome and Principe,STP,223107,2360.543554,-0.161398549,526653790.7,11.20283074,41.84848367,46.0072919,-125888217.8,91.33654097,35.5071972,87.85577557,19.67288202,8.137770384,0.58509469,12.31540676,SaoTomeandPrincipe,ST,STP,678,1,7,0,964,0,Africa,Portuguese,20.08205395,Sao Tome and Principe,STP,0.58509469
SAU,Saudi Arabia,SAU,35950396,24160.67605,4.056751496,8.69E+11,2.220349676,32.98483414,24.5244423,73485768183,139.8961599,49.39384972,57.50927644,9.623023341,3.063289889,-0.59113127,17.39765066,SaudiArabia,SA,SAU,682,25,45,4,2153168,0,Asia,Arabic,27.49013244,Saudi Arabia,SAU,-0.59113127
SEN,Senegal,SEN,16876720,1633.560119,3.758245804,27569136728,9.387768077,24.59106307,44.5337669,-5498031123,104.3580072,54.04957053,69.12482996,18.41917978,2.180322781,-0.179818049,16.64144572,Senegal,SN,SEN,686,14,-14,2,196722,0,Africa,French,24.03996275,Senegal,SEN,-0.179818049
SYC,Seychelles,SYC,99258,12963.06467,4.554744202,1286687873,8.662170048,111.5196836,124.3005099,-69833657.51,101.7282827,124.1171253,235.8201936,158.071543,6.822771332,0.744613945,11.5054778,Seychelles,SC,SYC,690,-4.5833,55.6667,4,455,0,Africa,English,20.97533721,Seychelles,SYC,0.744613945
SLE,Sierra Leone,SLE,8420641,504.6212722,1.796879524,4249234574,4.9959396,16.92814202,41.46268605,-754745121.2,120.7957242,58.83412545,58.39082807,7.187703774,11.87395888,-0.097025879,15.94619651,SierraLeone,SL,SLE,694,8.5,-11.5,1,73326,0,Africa,English,22.1700047,Sierra Leone,SLE,-0.097025879
SGP,Singapore,SGP,5453566,77710.06996,13.51912685,4.24E+11,32.69116674,184.3024201,149.0371892,1.49E+11,93.60663563,203.7727991,333.3396093,120.1891338,2.30485959,1.442324996,15.51178026,Singapore,SG,SGP,702,1.3667,103.8,27,646,0,Asia,English,26.7725204,Singapore,SGP,1.442324996
SVK,Slovak Republic,SVK,5447247,21782.85507,5.086186757,1.19E+11,0.81824661,92.35386764,92.36463781,71827830.39,102.1187124,175.112058,184.7185055,18.52057283,3.149606299,0.617806435,15.5106209,Slovakia,SK,SVK,703,48.6667,19.5,46,49036,1,Europe,Slovak,25.49950282,Slovak Republic,SVK,0.617806435
SVN,Slovenia,SVN,2108079,29291.40062,7.92052575,61748586535,3.594005758,83.62992095,77.29030118,3665876181,100.9597125,186.0965675,160.9202221,28.16347246,1.917065061,0.755461395,14.56128766,Slovenia,SI,SVN,705,46,15,46,20256,0,Europe,Slovenian,24.84633692,Slovenia,SVN,0.755461395
ESP,Spain,ESP,47415750,30103.51373,5.408112942,1.43E+12,3.076229592,34.93348757,33.44828901,21189981509,98.39111597,56.0235269,68.38177657,13.53797438,3.09313512,0.509131908,17.67446501,Spain,ES,ESP,724,40,-4,46,505954,0,Europe,Spanish,27.98686171,Spain,ESP,0.509131908
LKA,Sri Lanka,LKA,22156000,3994.246958,2.404967053,88496535599,0.669280403,16.93312874,24.32537806,-6552496707,97.28966705,37.44327366,41.2585068,3.800793461,7.014780712,-0.376803756,16.9136189,SriLanka,LK,LKA,144,7,81,6,65610,0,Asia,Sinhala,25.20622924,Sri Lanka,LKA,-0.376803756
KNA,St. Kitts and Nevis,KNA,47606,18082.68799,-0.80514568,860844444.4,3.071548411,41.84848367,46.0072919,-19531728.4,87.39291792,36.01115184,87.85577557,60.41452481,1.19568887,0.949530005,10.77071408,SaintKittsandNevis,KN,KNA,659,17.3333,-62.75,3,269,0,America,English,20.57342438,St. Kitts and Nevis,KNA,0.949530005
LCA,St. Lucia,LCA,179651,9414.137741,11.97330469,1691259259,5.064303791,41.84848367,46.0072919,-105234918.4,99.27496443,39.08330413,87.85577557,53.80333175,2.410703122,0.831884623,12.09877136,SaintLucia,LC,LCA,662,13.8833,-61.1333,3,617,0,America,English,21.24873921,St. Lucia,LCA,0.831884623
VCT,St. Vincent and the Grenadines,VCT,104332,8360.101059,1.043445752,872226063.7,18.38231904,41.84848367,46.0072919,-285057087,185.8252477,46.77686405,87.85577557,22.81306796,1.572729325,1.040163636,11.5553334,SaintVincentandtheGrenadines,VC,VCT,670,13.25,-61.2,3,389,0,America,English,20.5865592,St. Vincent and the Grenadines,VCT,1.040163636
SUR,Suriname,SUR,612985,4869.134226,-3.669022983,2984706244,-4.446186883,41.84848367,46.0072919,423044484.2,133.3574588,123.0271826,87.85577557,21.23710769,59.11966263,0.348301739,13.32609574,Suriname,SR,SUR,740,4,-56,3,163820,0,America,Dutch,21.81676717,Suriname,SUR,0.348301739
SWE,Sweden,SWE,10415811,61143.22124,4.754798639,6.37E+11,8.240148594,46.27716018,41.83477236,31031365367,99.92993174,59.13924972,88.11193254,27.13376126,2.163197364,1.014362812,16.1588355,Sweden,SE,SWE,752,62,15,46,449964,0,Europe,Swedish,27.17980941,Sweden,SWE,1.014362812
CHE,Switzerland,CHE,8703405,91991.60046,3.440503207,8.01E+11,-16.76944751,71.37129447,59.47951503,96785834531,110.3449726,87.96248792,130.8508095,37.20422992,0.581814168,1.115222096,15.97922489,Switzerland,CH,CHE,756,47,8,35,41288,1,Europe,German,27.40867724,Switzerland,CHE,1.115222096
TJK,Tajikistan,TJK,9750064,916.6919671,7.078973615,8937805347,0.940255222,24.18192989,47.64400755,-2096987468,135.5364348,71.15840805,71.82593744,7.590083656,6.822771332,-0.676817954,16.09278441,Tajikistan,TJ,TJK,762,39,71,2,143095,1,Asia,Tajik,22.91355591,Tajikistan,TJK,-0.676817954
TZA,Tanzania,TZA,63588334,1146.031982,1.247802438,70655628141,1.461898917,14.12002233,15.79516168,5323278110,117.2939393,23.23240262,29.91518401,24.7254394,3.690919588,-0.335592777,17.96794058,TanzaniaUnitedRepublicof,TZ,TZA,834,-6,35,4,945090,0,Africa,English,24.98108361,Tanzania,TZA,-0.335592777
THA,Thailand,THA,71601103,7060.897609,1.314289777,5.06E+11,2.895925263,58.63799289,58.60543811,-79114699.26,101.6576833,106.590595,117.243431,16.47826732,1.230395413,-0.568726182,18.08662104,Thailand,TH,THA,764,15,100,14,513115,0,Asia,Thai,26.94894839,Thailand,THA,-0.568726182
TGO,Togo,TGO,8644829,964.0500102,3.511859671,8334047486,-1.634517917,23.23951055,31.97358446,5323278110,101.8886736,45.9320637,55.21309501,24.7254394,4.186215065,-0.695711434,15.9724719,Togo,TG,TGO,768,8,1.1667,2,56785,0,Africa,French,22.84361507,Togo,TGO,-0.695711434
TON,Tonga,TON,106017,4425.970591,-3.368004141,469228124.2,0.055087825,12.52266429,60.84480504,-233804838,98.03249095,55.83638033,73.36746933,25.61636151,5.640511406,1.078965783,11.57135474,Tonga,TO,TON,776,-20,-175,3,748,0,Pacific,Tongan,19.96659961,Tonga,TON,1.078965783
TTO,Trinidad and Tobago,TTO,1525663,16032.50277,-1.514121307,24460196270,-3.821644716,41.84848367,46.0072919,2906230813,115.2847707,58.74441824,87.85577557,11.14448262,2.059227469,0.239029333,14.23793963,TrinidadandTobago,TT,TTO,780,11,-61,4,5130,0,America,English,23.92031299,Trinidad and Tobago,TTO,0.239029333
TUN,Tunisia,TUN,12262946,3807.184563,3.543560609,46687298709,1.14182918,42.12557898,52.22659373,-4525657848,91.21856294,83.90933098,94.35217271,12.26602159,5.706350208,-0.756551445,16.32209275,Tunisia,TN,TUN,788,34,9,8,164150,0,Africa,Arabic,24.56673799,Tunisia,TUN,-0.756551445
TUR,Turkiye,TUR,84775404,9661.227734,10.51288036,8.19E+11,1.626915625,35.30301422,35.53190897,2499000000,88.63603634,60.63725149,70.8349232,11.11113167,19.59649269,-1.13676095,18.25551601,Turkey,TR,TUR,792,39,35,25,780576,0,Europe,Turkish,27.43139143,Turkiye,TUR,-1.13676095
TKM,Turkmenistan,TKM,6341855,16152.17139,4.242445476,5.76E+11,3.415473207,41.84848367,46.0072919,5323278110,184.8951931,25.2591301,87.85577557,24.7254394,6.822771332,-0.332011014,15.66268187,Turkmenistan,TM,TKM,795,40,60,5,488100,1,Asia,Turkmen,27.0790356,Turkmenistan,TKM,-0.332011014
UGA,Uganda,UGA,45853778,883.4657281,0.264400772,40510241366,2.716494826,15.78100817,25.93262257,-4527330825,108.1127514,32.02153224,41.71363074,11.96629988,2.204572048,-0.937743247,17.64096815,Uganda,UG,UGA,800,1,32,2,241038,1,Africa,English,24.42482065,Uganda,UGA,-0.937743247
UKR,Ukraine,UKR,43792855,4827.845703,4.364484614,2.00E+11,3.981661395,40.68834048,42.00962089,-2671000000,128.236711,70.540583,82.69796136,16.4247287,9.363139177,-1.126953006,17.59498123,Ukraine,UA,UKR,804,49,32,19,603677,0,Europe,Ukrainian,26.02041252,Ukraine,UKR,-1.126953006
ARE,United Arab Emirates,ARE,9365145,44315.55418,3.05240052,4.15E+11,4.979769957,41.84848367,46.0072919,5323278110,117.3702497,186.1804343,87.85577557,24.7254394,-0.013859944,0.597461224,16.05250538,UnitedArabEmirates,AE,ARE,784,24,54,6,83657,0,Asia,Arabic,26.75159737,United Arab Emirates,ARE,0.597461224
GBR,United Kingdom,GBR,67026300,46585.89756,7.685656647,3.12E+12,0.189665013,28.81996048,30.05502487,-38563646663,95.1855276,37.31466241,58.87498535,22.89328556,2.518371096,0.489892125,18.02059564,UnitedKingdom,GB,GBR,826,54,-2,38,244110,0,Europe,English,28.76964867,United Kingdom,GBR,0.489892125
USA,United States,USA,332031554,70219.47245,5.779548418,2.33E+13,2.114875815,10.89272668,14.58867359,-8.42E+11,104.6546547,20.11408019,25.48140027,5.834635641,4.697858864,-0.014877876,19.62074056,UnitedStates,US,USA,840,38,-97,14,9529106,0,America,English,30.78012234,United States,USA,-0.014877876
URY,Uruguay,URY,3426260,17923.99533,5.363391611,61412268249,5.941518389,30.48206444,23.93429664,4485939434,103.9403548,32.34044364,54.41636108,12.07026499,7.747914023,1.045823932,15.04697985,Uruguay,UY,URY,858,-33,-56,8,176215,0,America,Spanish,24.84087546,Uruguay,URY,1.045823932
UZB,Uzbekistan,UZB,34915100,1993.424478,5.3022179,69600614989,3.268373734,23.67672298,40.17156801,-11493850299,163.6843927,54.56560981,63.84829099,10.527532,10.84923975,-0.252974153,17.36842996,Uzbekistan,UZ,UZB,860,41,64,4,447400,1,Asia,Uzbek,24.96603924,Uzbekistan,UZB,-0.252974153
VNM,Viet Nam,VNM,97468029,3756.489122,1.699389545,3.66E+11,4.277080638,93.29165167,93.17653158,1799000000,101.6808563,182.563336,186.4681832,6.578674414,1.834715548,-0.118189707,18.39503497,VietNam,VN,VNM,704,16,106,15,331114,0,Asia,Vietnamese,26.62627615,Viet Nam,VNM,-0.118189707